2025-11-24_21-37-40,0,draft.py:2025-11-24_21-37-40
2025-11-24_21-39-30,---,draft.py:2025-11-24_21-37-40
2025-11-24_21-39-42,0,draft.py:2025-11-24_21-37-40
2025-11-24_21-40-44,0,draft.py:2025-11-24_21-40-44
2025-11-24_21-48-18,0,draft.py:2025-11-24_21-48-18
2025-11-24_21-55-41,0,draft.py:2025-11-24_21-55-41
2025-11-24_21-56-39,0,draft.py:2025-11-24_21-56-39
2025-11-24_21-58-11,0,draft.py:2025-11-24_21-58-11
2025-11-24_21-58-16,0,draft.py:2025-11-24_21-58-11
2025-11-24_21-58-35,0,draft.py:2025-11-24_21-58-35
2025-11-24_22-00-44,0,draft.py:2025-11-24_22-00-44
2025-11-24_22-01-39,0,draft.py:2025-11-24_22-00-44
2025-11-24_22-01-44,0,draft.py:2025-11-24_22-00-44
2025-11-24_22-02-09,0,draft.py:2025-11-24_22-02-09
2025-11-24_22-03-19,0,draft.py:2025-11-24_22-03-19
2025-11-24_22-06-29,0,draft.py:2025-11-24_22-06-29
2025-11-24_22-10-07,0,draft.py:2025-11-24_22-10-07
2025-11-24_22-13-34,0,draft.py:2025-11-24_22-13-34
2025-11-24_22-14-35,0,draft.py:2025-11-24_22-14-35
2025-11-24_22-15-01,0,draft.py:2025-11-24_22-15-01
2025-11-24_22-15-45,0,draft.py:2025-11-24_22-15-45
2025-11-24_22-16-05,0,draft.py:2025-11-24_22-16-05
2025-11-24_22-17-05,0,draft.py:2025-11-24_22-16-05
2025-11-24_22-20-05,0,draft.py:2025-11-24_22-16-05
2025-11-24_22-20-29,0,draft.py:2025-11-24_22-20-29
2025-11-24_22-21-50,0,draft.py:2025-11-24_22-21-50
2025-11-24_22-22-26,0,draft.py:2025-11-24_22-22-26
2025-11-24_22-23-11,0,draft.py:2025-11-24_22-23-11
2025-11-24_22-23-23,0,draft.py:2025-11-24_22-23-23
2025-11-24_22-23-41,0,draft.py:2025-11-24_22-23-41
2025-11-24_22-25-27,0,draft.py:2025-11-24_22-25-27
2025-11-24_22-26-04,0,draft.py:2025-11-24_22-26-04
2025-11-24_22-26-12,0,draft.py:2025-11-24_22-26-12
2025-11-24_22-26-28,12,draft.py:2025-11-24_22-26-28
2025-11-24_22-46-27,12,draft.py:2025-11-24_22-26-28
2025-11-25_20-32-35,12,draft.py:2025-11-24_22-26-28
2025-11-25_20-34-22,12,draft.py:2025-11-25_20-34-22
2025-11-25_20-34-36,25,draft.py:2025-11-25_20-34-36
2025-11-25_20-37-19,37,draft.py:2025-11-25_20-37-19
2025-11-25_20-37-42,62,draft.py:2025-11-25_20-37-42
2025-11-25_20-37-54,62,draft.py:2025-11-25_20-37-42
2025-11-25_20-38-39,62,draft.py:2025-11-25_20-37-42
2025-11-25_20-38-54,62,draft.py:2025-11-25_20-38-54
2025-11-25_20-39-23,62,draft.py:2025-11-25_20-39-23
2025-11-25_20-39-32,62,draft.py:2025-11-25_20-39-23
2025-11-25_20-41-55,62,draft.py:2025-11-25_20-39-23
2025-11-25_20-42-22,62,draft.py:2025-11-25_20-42-22
2025-11-25_20-42-56,62,draft.py:2025-11-25_20-42-56
2025-11-25_20-43-09,62,draft.py:2025-11-25_20-42-56
2025-11-25_20-43-41,62,draft.py:2025-11-25_20-43-41
2025-11-25_20-43-47,62,draft.py:2025-11-25_20-43-41
2025-11-25_20-43-52,62,draft.py:2025-11-25_20-43-52
2025-11-25_20-43-54,62,draft.py:2025-11-25_20-43-52
2025-11-25_20-45-05,62,draft.py:2025-11-25_20-45-05
2025-11-25_20-45-39,75,draft.py:2025-11-25_20-45-39
2025-11-25_20-47-07,75,draft.py:2025-11-25_20-45-39
2025-11-25_20-47-45,75,draft.py:2025-11-25_20-47-45
2025-11-25_20-49-14,75,draft.py:2025-11-25_20-49-14
2025-11-25_20-49-21,75,draft.py:2025-11-25_20-49-14
2025-11-25_20-51-32,62,draft.py:2025-11-25_20-51-32
2025-11-25_20-51-46,62,draft.py:2025-11-25_20-51-46
2025-11-25_20-52-33,62,draft.py:2025-11-25_20-52-33
2025-11-25_20-53-19,62,draft.py:2025-11-25_20-52-33
2025-11-25_20-53-50,62,draft.py:2025-11-25_20-53-50
2025-11-25_20-58-04,87,draft.py:2025-11-25_20-58-04
2025-11-25_21-00-44,0,draft.py:2025-11-25_21-00-44
2025-11-25_21-00-47,0,draft.py:2025-11-25_21-00-44
2025-11-25_21-00-54,87,draft.py:2025-11-25_21-00-54
2025-11-25_21-01-05,87,draft.py:2025-11-25_21-00-54
2025-11-25_21-01-24,0,draft.py:2025-11-25_21-01-24
2025-11-25_21-01-31,87,draft.py:2025-11-25_21-01-31
2025-11-25_21-02-06,87,draft.py:2025-11-25_21-02-06
2025-11-25_21-02-26,87,draft.py:2025-11-25_21-02-26
2025-11-25_21-03-05,87,draft.py:2025-11-25_21-03-05
2025-11-25_21-03-22,87,draft.py:2025-11-25_21-03-22
2025-11-25_21-03-49,100,draft.py:2025-11-25_21-03-49
2025-11-25_21-03-53,100,draft.py:2025-11-25_21-03-49
2025-11-25_21-03-53,100,draft.py:2025-11-25_21-03-49
2025-11-25_21-03-53,100,draft.py:2025-11-25_21-03-49
2025-11-25_21-03-54,100,draft.py:2025-11-25_21-03-49
2025-11-25_21-03-54,100,draft.py:2025-11-25_21-03-49
2025-11-25_21-03-54,100,draft.py:2025-11-25_21-03-49
2025-11-25_21-03-54,100,draft.py:2025-11-25_21-03-49
2025-11-25_21-03-55,100,draft.py:2025-11-25_21-03-49
